GameDate, GameID, Visitor, Home, HomeWin
2018-09-28,0011800001,MEL,PHI,False
2018-09-28,0011800002,BOS,CHA,False
2018-09-29,0011800003,POR,TOR,True
2018-09-29,0011800004,BJD,DAL,False
2018-09-29,0011800005,MIN,GSW,False
2018-09-29,0011800006,PER,UTA,False
2018-09-30,0011800007,MIA,SAS,True
2018-09-30,0011800008,CHA,BOS,True
2018-09-30,0011800009,NOP,CHI,True
2018-09-30,0011800010,DEN,LAL,False
2018-09-30,0011800011,SYD,LAC,False
2018-10-01,0011800012,ORL,PHI,True
2018-10-01,0011800013,NYK,WAS,False
2018-10-01,0011800014,NOP,ATL,True
2018-10-01,0011800015,SAC,PHX,False
2018-10-02,0011800016,MIA,CHA,True
2018-10-02,0011800017,CLE,BOS,True
2018-10-02,0011800018,MEM,HOU,True
2018-10-02,0011800019,TOR,UTA,False
2018-10-02,0011800020,DEN,LAL,False
2018-10-03,0011800021,NYK,BKN,False
2018-10-03,0011800022,CHI,MIL,False
2018-10-03,0011800023,DET,OKC,False
2018-10-03,0011800024,NZB,PHX,True
2018-10-03,0011800025,MIN,LAC,True
2018-10-04,0011800026,IND,HOU,False
2018-10-04,0011800027,SAC,LAL,True
2018-10-05,0011800028,PHI,DAL,False
2018-10-05,0011800029,FLA,ORL,False
2018-10-05,0011800030,MEL,TOR,False
2018-10-05,0011800031,MIA,WAS,True
2018-10-05,0011800032,NOP,NYK,True
2018-10-05,0011800033,ATL,MEM,True
2018-10-05,0011800034,OKC,MIN,False
2018-10-05,0011800035,DET,SAS,False
2018-10-05,0011800036,PER,DEN,True
2018-10-05,0011800037,ADL,UTA,False
2018-10-05,0011800038,POR,PHX,True
2018-10-05,0011800039,SAC,GSW,False
2018-10-06,0011800040,BOS,CLE,True
2018-10-06,0011800041,IND,MEM,True
2018-10-06,0011800042,LAC,LAL,True
2018-10-07,0011800043,ATL,OKC,False
2018-10-07,0011800044,HOU,SAS,True
2018-10-07,0011800045,MIL,MIN,False
2018-10-07,0011800046,UTA,POR,False
2018-10-08,0011800047,DAL,PHI,False
2018-10-08,0011800048,CHI,CHA,True
2018-10-08,0011800049,IND,CLE,False
2018-10-08,0011800050,BKN,DET,False
2018-10-08,0011800051,ORL,MIA,True
2018-10-08,0011800052,WAS,NYK,True
2018-10-08,0011800053,MAC,SAC,True
2018-10-08,0011800054,PHX,GSW,False
2018-10-09,0011800055,SDS,HOU,False
2018-10-09,0011800056,MIL,OKC,True
2018-10-09,0011800057,DEN,LAC,True
2018-10-10,0011800058,WAS,DET,True
2018-10-10,0011800059,MEM,ORL,False
2018-10-10,0011800060,BKN,TOR,False
2018-10-10,0011800061,SAS,ATL,True
2018-10-10,0011800062,NOP,MIA,True
2018-10-10,0011800063,IND,CHI,False
2018-10-10,0011800064,PHX,POR,False
2018-10-10,0011800065,GSW,LAL,True
2018-10-11,0011800066,TOR,NOP,False
2018-10-11,0011800068,UTA,SAC,True
2018-10-11,0011800067,MAC,LAC,False
2018-10-12,0011800069,SAS,ORL,True
2018-10-12,0011800070,GUA,WAS,True
2018-10-12,0011800071,CHA,DAL,False
2018-10-12,0011800075,DET,CLE,False
2018-10-12,0011800072,BKN,NYK,False
2018-10-12,0011800073,ATL,MIA,True
2018-10-12,0011800074,DEN,CHI,False
2018-10-12,0011800076,HOU,MEM,False
2018-10-12,0011800077,MIN,MIL,True
2018-10-12,0011800078,SAC,POR,True
2018-10-12,0011800079,LAL,GSW,False
2018-10-16,0021800001,PHI,BOS,False
2018-10-16,0021800002,OKC,GSW,True
2018-10-17,0021800003,MIL,CHA,False
2018-10-17,0021800004,BKN,DET,True
2018-10-17,0021800005,MEM,IND,False
2018-10-17,0021800006,MIA,ORL,True
2018-10-17,0021800007,ATL,NYK,True
2018-10-17,0021800008,CLE,TOR,True
2018-10-17,0021800009,NOP,HOU,False
2018-10-17,0021800010,MIN,SAS,True
2018-10-17,0021800011,UTA,SAC,False
2018-10-17,0021800012,DEN,LAC,True
2018-10-17,0021800013,DAL,PHX,True
2018-10-18,0021800014,CHI,PHI,True
2018-10-18,0021800015,MIA,WAS,False
2018-10-18,0021800016,LAL,POR,True
2018-10-19,0021800017,CHA,ORL,True
2018-10-19,0021800018,NYK,BKN,True
2018-10-19,0021800019,BOS,TOR,True
2018-10-19,0021800020,ATL,MEM,True
2018-10-19,0021800021,CLE,MIN,True
2018-10-19,0021800022,SAC,NOP,True
2018-10-19,0021800023,IND,MIL,True
2018-10-19,0021800024,GSW,UTA,False
2018-10-19,0021800025,OKC,LAC,False
2018-10-20,0021800026,BKN,IND,True
2018-10-20,0021800027,TOR,WAS,False
2018-10-20,0021800028,BOS,NYK,False
2018-10-20,0021800029,ORL,PHI,True
2018-10-20,0021800030,CHA,MIA,False
2018-10-20,0021800031,DET,CHI,False
2018-10-20,0021800032,MIN,DAL,True
2018-10-20,0021800033,PHX,DEN,False
2018-10-20,0021800034,SAS,POR,True
2018-10-20,0021800035,HOU,LAL,False
2018-10-21,0021800036,ATL,CLE,False
2018-10-21,0021800037,SAC,OKC,False
2018-10-21,0021800038,GSW,DEN,False
2018-10-21,0021800039,HOU,LAC,True
2018-10-22,0021800040,ORL,BOS,False
2018-10-22,0021800041,CHA,TOR,True
2018-10-22,0021800042,NYK,MIL,True
2018-10-22,0021800043,IND,MIN,False
2018-10-22,0021800044,CHI,DAL,True
2018-10-22,0021800045,MEM,UTA,False
2018-10-22,0021800046,WAS,POR,False
2018-10-22,0021800047,PHX,GSW,True
2018-10-22,0021800048,SAS,LAL,False
2018-10-23,0021800049,PHI,DET,True
2018-10-23,0021800050,LAC,NOP,True
2018-10-23,0021800051,SAC,DEN,True
2018-10-24,0021800052,DAL,ATL,True
2018-10-24,0021800053,BKN,CLE,True
2018-10-24,0021800054,NYK,MIA,False
2018-10-24,0021800055,MIN,TOR,True
2018-10-24,0021800056,CHA,CHI,True
2018-10-24,0021800057,UTA,HOU,True
2018-10-24,0021800058,IND,SAS,True
2018-10-24,0021800059,PHI,MIL,True
2018-10-24,0021800060,LAL,PHX,False
2018-10-24,0021800061,MEM,SAC,True
2018-10-24,0021800062,WAS,GSW,True
2018-10-25,0021800063,CLE,DET,True
2018-10-25,0021800064,POR,ORL,False
2018-10-25,0021800065,BOS,OKC,True
2018-10-25,0021800066,DEN,LAL,True
2018-10-26,0021800067,CHI,CHA,True
2018-10-26,0021800068,GSW,NYK,False
2018-10-26,0021800069,DAL,TOR,True
2018-10-26,0021800070,LAC,HOU,False
2018-10-26,0021800071,MIL,MIN,True
2018-10-26,0021800072,BKN,NOP,True
2018-10-26,0021800073,WAS,SAC,True
2018-10-27,0021800074,BOS,DET,True
2018-10-27,0021800075,UTA,NOP,False
2018-10-27,0021800076,CHI,ATL,False
2018-10-27,0021800077,IND,CLE,False
2018-10-27,0021800078,CHA,PHI,True
2018-10-27,0021800079,POR,MIA,True
2018-10-27,0021800080,PHX,MEM,False
2018-10-27,0021800081,ORL,MIL,False
2018-10-27,0021800082,LAL,SAS,True
2018-10-28,0021800083,GSW,BKN,False
2018-10-28,0021800084,UTA,DAL,False
2018-10-28,0021800085,PHX,OKC,True
2018-10-28,0021800086,WAS,LAC,True
2018-10-29,0021800087,POR,IND,True
2018-10-29,0021800088,ATL,PHI,False
2018-10-29,0021800089,SAC,MIA,False
2018-10-29,0021800090,BKN,NYK,False
2018-10-29,0021800091,GSW,CHI,False
2018-10-29,0021800092,TOR,MIL,True
2018-10-29,0021800093,LAL,MIN,True
2018-10-29,0021800094,DAL,SAS,True
2018-10-29,0021800095,NOP,DEN,True
2018-10-30,0021800096,MIA,CHA,True
2018-10-30,0021800097,ATL,CLE,True
2018-10-30,0021800098,SAC,ORL,True
2018-10-30,0021800099,DET,BOS,True
2018-10-30,0021800100,PHI,TOR,True
2018-10-30,0021800101,POR,HOU,True
2018-10-30,0021800102,WAS,MEM,False
2018-10-30,0021800103,LAC,OKC,True
2018-10-31,0021800104,DET,BKN,True
2018-10-31,0021800105,IND,NYK,False
2018-10-31,0021800106,DEN,CHI,False
2018-10-31,0021800107,UTA,MIN,True
2018-10-31,0021800108,NOP,GSW,True
2018-10-31,0021800109,DAL,LAL,True
2018-10-31,0021800110,SAS,PHX,True
2018-11-01,0021800111,OKC,CHA,False
2018-11-01,0021800112,DEN,CLE,True
2018-11-01,0021800113,LAC,PHI,True
2018-11-01,0021800114,SAC,ATL,False
2018-11-01,0021800115,MIL,BOS,True
2018-11-01,0021800116,NOP,POR,True
2018-11-02,0021800117,LAC,ORL,True
2018-11-02,0021800118,HOU,BKN,False
2018-11-02,0021800119,OKC,WAS,False
2018-11-02,0021800120,IND,CHI,False
2018-11-02,0021800121,NYK,DAL,False
2018-11-02,0021800122,MEM,UTA,False
2018-11-02,0021800123,TOR,PHX,True
2018-11-02,0021800124,MIN,GSW,False
2018-11-03,0021800125,DET,PHI,False
2018-11-03,0021800126,CLE,CHA,False
2018-11-03,0021800127,BOS,IND,True
2018-11-03,0021800128,MIA,ATL,True
2018-11-03,0021800129,HOU,CHI,False
2018-11-03,0021800130,NOP,SAS,False
2018-11-03,0021800131,UTA,DEN,False
2018-11-03,0021800132,LAL,POR,False
2018-11-04,0021800133,SAC,MIL,True
2018-11-04,0021800134,PHI,BKN,False
2018-11-04,0021800135,NYK,WAS,False
2018-11-04,0021800137,ORL,SAS,False
2018-11-04,0021800136,MEM,PHX,True
2018-11-04,0021800138,MIN,POR,False
2018-11-04,0021800139,TOR,LAL,False
2018-11-05,0021800140,MIA,DET,False
2018-11-05,0021800141,HOU,IND,False
2018-11-05,0021800142,CLE,ORL,True
2018-11-05,0021800143,CHI,NYK,False
2018-11-05,0021800144,NOP,OKC,True
2018-11-05,0021800145,BOS,DEN,True
2018-11-05,0021800146,TOR,UTA,False
2018-11-05,0021800147,MEM,GSW,True
2018-11-05,0021800148,MIN,LAC,True
2018-11-06,0021800149,ATL,CHA,True
2018-11-06,0021800150,WAS,DAL,True
2018-11-06,0021800151,BKN,PHX,True
2018-11-06,0021800152,MIL,POR,True
2018-11-07,0021800153,OKC,CLE,False
2018-11-07,0021800154,DET,ORL,True
2018-11-07,0021800155,NYK,ATL,False
2018-11-07,0021800156,SAS,MIA,True
2018-11-07,0021800157,PHI,IND,True
2018-11-07,0021800158,DEN,MEM,True
2018-11-07,0021800159,CHI,NOP,False
2018-11-07,0021800160,DAL,UTA,True
2018-11-07,0021800161,TOR,SAC,False
2018-11-07,0021800162,MIN,LAL,True
2018-11-08,0021800163,HOU,OKC,True
2018-11-08,0021800164,BOS,PHX,False
2018-11-08,0021800165,LAC,POR,True
2018-11-08,0021800166,MIL,GSW,False
2018-11-09,0021800167,WAS,ORL,True
2018-11-09,0021800168,CHA,PHI,True
2018-11-09,0021800169,DET,ATL,False
2018-11-09,0021800170,IND,MIA,False
2018-11-09,0021800171,BKN,DEN,False
2018-11-09,0021800172,BOS,UTA,True
2018-11-09,0021800173,MIN,SAC,True
2018-11-10,0021800174,NYK,TOR,True
2018-11-10,0021800175,MIL,LAC,True
2018-11-10,0021800176,PHX,NOP,False
2018-11-10,0021800177,WAS,MIA,False
2018-11-10,0021800178,CLE,CHI,True
2018-11-10,0021800179,PHI,MEM,True
2018-11-10,0021800180,HOU,SAS,True
2018-11-10,0021800182,BKN,GSW,True
2018-11-10,0021800181,OKC,DAL,False
2018-11-10,0021800183,LAL,SAC,True
2018-11-11,0021800184,CHA,DET,False
2018-11-11,0021800185,IND,HOU,True
2018-11-11,0021800186,ORL,NYK,True
2018-11-11,0021800187,MIL,DEN,False
2018-11-11,0021800188,BOS,POR,False
2018-11-11,0021800189,ATL,LAL,True
2018-11-12,0021800190,ORL,WAS,True
2018-11-12,0021800191,PHI,MIA,False
2018-11-12,0021800192,NOP,TOR,False
2018-11-12,0021800193,DAL,CHI,True
2018-11-12,0021800194,UTA,MEM,False
2018-11-12,0021800195,BKN,MIN,True
2018-11-12,0021800196,PHX,OKC,True
2018-11-12,0021800197,SAS,SAC,False
2018-11-12,0021800198,GSW,LAC,True
2018-11-13,0021800199,CHA,CLE,False
2018-11-13,0021800200,HOU,DEN,True
2018-11-13,0021800201,ATL,GSW,True
2018-11-14,0021800202,PHI,ORL,True
2018-11-14,0021800203,CLE,WAS,False
2018-11-14,0021800204,CHI,BOS,False
2018-11-14,0021800205,MIA,BKN,False
2018-11-14,0021800206,DET,TOR,False
2018-11-14,0021800207,MEM,MIL,False
2018-11-14,0021800208,NOP,MIN,True
2018-11-14,0021800209,NYK,OKC,True
2018-11-14,0021800210,UTA,DAL,False
2018-11-14,0021800211,SAS,PHX,False
2018-11-14,0021800212,POR,LAL,True
2018-11-15,0021800213,GSW,HOU,False
2018-11-15,0021800214,ATL,DEN,False
2018-11-15,0021800215,SAS,LAC,True
2018-11-16,0021800216,TOR,BOS,True
2018-11-16,0021800217,MIA,IND,True
2018-11-16,0021800218,UTA,PHI,True
2018-11-16,0021800219,BKN,WAS,False
2018-11-16,0021800220,SAC,MEM,True
2018-11-16,0021800221,POR,MIN,False
2018-11-16,0021800222,NYK,NOP,True
2018-11-16,0021800223,CHI,MIL,True
2018-11-17,0021800224,LAC,BKN,False
2018-11-17,0021800225,PHI,CHA,False
2018-11-17,0021800226,ATL,IND,True
2018-11-17,0021800227,LAL,ORL,True
2018-11-17,0021800228,DEN,NOP,True
2018-11-17,0021800229,UTA,BOS,False
2018-11-17,0021800230,TOR,CHI,True
2018-11-17,0021800231,SAC,HOU,True
2018-11-17,0021800232,GSW,DAL,True
2018-11-17,0021800233,OKC,PHX,False
2018-11-18,0021800234,MEM,MIN,True
2018-11-18,0021800235,LAL,MIA,True
2018-11-18,0021800236,NYK,ORL,True
2018-11-18,0021800237,POR,WAS,False
2018-11-18,0021800238,GSW,SAS,False
2018-11-19,0021800239,BOS,CHA,True
2018-11-19,0021800240,CLE,DET,True
2018-11-19,0021800241,UTA,IND,False
2018-11-19,0021800242,PHX,PHI,True
2018-11-19,0021800243,LAC,ATL,False
2018-11-19,0021800244,DAL,MEM,True
2018-11-19,0021800245,DEN,MIL,False
2018-11-19,0021800246,SAS,NOP,True
2018-11-19,0021800247,OKC,SAC,True
2018-11-20,0021800248,TOR,ORL,False
2018-11-20,0021800249,LAC,WAS,True
2018-11-20,0021800250,BKN,MIA,True
2018-11-20,0021800251,POR,NYK,False
2018-11-21,0021800252,IND,CHA,True
2018-11-21,0021800253,NOP,PHI,True
2018-11-21,0021800254,TOR,ATL,False
2018-11-21,0021800255,NYK,BOS,False
2018-11-21,0021800256,LAL,CLE,False
2018-11-21,0021800257,PHX,CHI,True
2018-11-21,0021800258,DET,HOU,True
2018-11-21,0021800259,POR,MIL,True
2018-11-21,0021800260,DEN,MIN,False
2018-11-21,0021800261,BKN,DAL,True
2018-11-21,0021800262,MEM,SAS,False
2018-11-21,0021800263,SAC,UTA,False
2018-11-21,0021800264,OKC,GSW,True
2018-11-23,0021800265,MIN,BKN,False
2018-11-23,0021800266,MEM,LAC,True
2018-11-23,0021800267,HOU,DET,True
2018-11-23,0021800268,BOS,ATL,True
2018-11-23,0021800269,NOP,NYK,True
2018-11-23,0021800270,CLE,PHI,False
2018-11-23,0021800271,WAS,TOR,True
2018-11-23,0021800272,SAS,IND,False
2018-11-23,0021800273,MIA,CHI,True
2018-11-23,0021800274,CHA,OKC,True
2018-11-23,0021800275,PHX,MIL,False
2018-11-23,0021800276,ORL,DEN,False
2018-11-23,0021800277,POR,GSW,False
2018-11-23,0021800278,UTA,LAL,True
2018-11-24,0021800279,HOU,CLE,True
2018-11-24,0021800280,NOP,WAS,True
2018-11-24,0021800281,CHI,MIN,False
2018-11-24,0021800282,DEN,OKC,True
2018-11-24,0021800283,BOS,DAL,True
2018-11-24,0021800284,SAS,MIL,True
2018-11-24,0021800285,SAC,GSW,True
2018-11-25,0021800286,ORL,LAL,False
2018-11-25,0021800287,PHX,DET,True
2018-11-25,0021800288,CHA,ATL,True
2018-11-25,0021800289,PHI,BKN,False
2018-11-25,0021800290,MIA,TOR,True
2018-11-25,0021800291,NYK,MEM,True
2018-11-25,0021800292,UTA,SAC,False
2018-11-25,0021800293,LAC,POR,False
2018-11-26,0021800294,MIL,CHA,True
2018-11-26,0021800295,MIN,CLE,True
2018-11-26,0021800296,HOU,WAS,True
2018-11-26,0021800297,SAS,CHI,False
2018-11-26,0021800298,BOS,NOP,False
2018-11-26,0021800299,IND,UTA,True
2018-11-26,0021800300,ORL,GSW,True
2018-11-27,0021800301,NYK,DET,True
2018-11-27,0021800302,ATL,MIA,False
2018-11-27,0021800303,TOR,MEM,False
2018-11-27,0021800304,LAL,DEN,False
2018-11-27,0021800305,IND,PHX,False
2018-11-28,0021800306,ATL,CHA,False
2018-11-28,0021800307,NYK,PHI,False
2018-11-28,0021800308,UTA,BKN,True
2018-11-28,0021800309,DAL,HOU,False
2018-11-28,0021800310,CHI,MIL,True
2018-11-28,0021800311,SAS,MIN,False
2018-11-28,0021800312,WAS,NOP,True
2018-11-28,0021800313,CLE,OKC,False
2018-11-28,0021800314,ORL,POR,True
2018-11-28,0021800315,PHX,LAC,False
2018-11-29,0021800316,GSW,TOR,True
2018-11-29,0021800317,IND,LAL,False
2018-11-29,0021800318,LAC,SAC,False
2018-11-30,0021800319,CLE,BOS,False
2018-11-30,0021800320,UTA,CHA,False
2018-11-30,0021800321,CHI,DET,False
2018-11-30,0021800322,WAS,PHI,False
2018-11-30,0021800323,MEM,BKN,False
2018-11-30,0021800324,NOP,MIA,True
2018-11-30,0021800325,ATL,OKC,True
2018-11-30,0021800326,HOU,SAS,False
2018-11-30,0021800327,ORL,PHX,False
2018-11-30,0021800328,DAL,LAL,True
2018-11-30,0021800329,DEN,POR,False
2018-12-01,0021800330,MIL,NYK,True
2018-12-01,0021800331,GSW,DET,True
2018-12-01,0021800333,BKN,WAS,False
2018-12-01,0021800332,TOR,CLE,True
2018-12-01,0021800334,CHI,HOU,True
2018-12-01,0021800335,BOS,MIN,False
2018-12-01,0021800336,IND,SAC,True
2018-12-02,0021800337,PHX,LAL,False
2018-12-02,0021800338,NOP,CHA,False
2018-12-02,0021800339,UTA,MIA,True
2018-12-02,0021800340,MEM,PHI,False
2018-12-02,0021800341,LAC,DAL,True
2018-12-02,0021800342,POR,SAS,True
2018-12-03,0021800343,OKC,DET,True
2018-12-03,0021800344,GSW,ATL,False
2018-12-03,0021800345,CLE,BKN,False
2018-12-03,0021800346,WAS,NYK,False
2018-12-03,0021800347,DEN,TOR,False
2018-12-03,0021800348,HOU,MIN,False
2018-12-03,0021800349,LAC,NOP,False
2018-12-04,0021800350,CHI,IND,True
2018-12-04,0021800351,ORL,MIA,True
2018-12-04,0021800352,POR,DAL,True
2018-12-04,0021800353,SAC,PHX,False
2018-12-04,0021800354,SAS,UTA,True
2018-12-05,0021800355,GSW,CLE,False
2018-12-05,0021800356,DEN,ORL,False
2018-12-05,0021800357,WAS,ATL,False
2018-12-05,0021800358,OKC,BKN,False
2018-12-05,0021800359,PHI,TOR,True
2018-12-05,0021800360,LAC,MEM,True
2018-12-05,0021800361,DET,MIL,False
2018-12-05,0021800362,CHA,MIN,True
2018-12-05,0021800363,DAL,NOP,True
2018-12-05,0021800364,SAS,LAL,True
2018-12-06,0021800365,NYK,BOS,True
2018-12-06,0021800366,PHX,POR,False
2018-12-06,0021800367,HOU,UTA,False
2018-12-07,0021800368,DEN,CHA,True
2018-12-07,0021800369,PHI,DET,False
2018-12-07,0021800370,IND,ORL,True
2018-12-07,0021800371,TOR,BKN,True
2018-12-07,0021800372,SAC,CLE,False
2018-12-07,0021800373,OKC,CHI,True
2018-12-07,0021800374,MEM,NOP,False
2018-12-07,0021800375,LAL,SAS,True
2018-12-07,0021800376,MIA,PHX,True
2018-12-07,0021800377,GSW,MIL,True
2018-12-08,0021800378,HOU,DAL,True
2018-12-08,0021800379,SAC,IND,False
2018-12-08,0021800380,DEN,ATL,False
2018-12-08,0021800381,WAS,CLE,True
2018-12-08,0021800382,BKN,NYK,False
2018-12-08,0021800383,BOS,CHI,True
2018-12-08,0021800384,LAL,MEM,True
2018-12-08,0021800385,MIN,POR,True
2018-12-08,0021800386,MIA,LAC,True
2018-12-09,0021800387,NOP,DET,False
2018-12-09,0021800388,MIL,TOR,True
2018-12-09,0021800390,UTA,SAS,False
2018-12-09,0021800389,CHA,NYK,False
2018-12-10,0021800391,WAS,IND,True
2018-12-10,0021800392,DET,PHI,True
2018-12-10,0021800393,NOP,BOS,True
2018-12-10,0021800394,SAC,CHI,True
2018-12-10,0021800395,CLE,MIL,False
2018-12-10,0021800396,UTA,OKC,True
2018-12-10,0021800397,ORL,DAL,False
2018-12-10,0021800398,MEM,DEN,False
2018-12-10,0021800399,LAC,PHX,False
2018-12-10,0021800400,MIN,GSW,True
2018-12-10,0021800401,MIA,LAL,True
2018-12-11,0021800402,POR,HOU,True
2018-12-11,0021800403,PHX,SAS,False
2018-12-11,0021800404,TOR,LAC,True
2018-12-12,0021800405,DET,CHA,True
2018-12-12,0021800406,NYK,CLE,True
2018-12-12,0021800407,MIL,IND,False
2018-12-12,0021800408,BKN,PHI,False
2018-12-12,0021800409,BOS,WAS,False
2018-12-12,0021800410,POR,MEM,True
2018-12-12,0021800411,OKC,NOP,True
2018-12-12,0021800412,ATL,DAL,True
2018-12-12,0021800413,MIA,UTA,False
2018-12-12,0021800414,MIN,SAC,True
2018-12-12,0021800415,TOR,GSW,True
2018-12-13,0021800416,LAL,HOU,True
2018-12-13,0021800417,LAC,SAS,False
2018-12-13,0021800418,CHI,ORL,True
2018-12-13,0021800419,DAL,PHX,True
2018-12-14,0021800420,ATL,BOS,True
2018-12-14,0021800421,NYK,CHA,False
2018-12-14,0021800422,WAS,BKN,True
2018-12-14,0021800423,MIL,CLE,False
2018-12-14,0021800424,IND,PHI,False
2018-12-14,0021800425,MIA,MEM,True
2018-12-14,0021800426,OKC,DEN,False
2018-12-14,0021800427,TOR,POR,True
2018-12-14,0021800428,GSW,SAC,False
2018-12-15,0021800429,UTA,ORL,True
2018-12-15,0021800430,LAL,CHA,False
2018-12-15,0021800431,BOS,DET,True
2018-12-15,0021800432,HOU,MEM,True
2018-12-15,0021800433,CHI,SAS,False
2018-12-15,0021800434,LAC,OKC,True
2018-12-15,0021800435,MIN,PHX,False
2018-12-16,0021800436,ATL,BKN,True
2018-12-16,0021800437,PHI,CLE,False
2018-12-16,0021800438,NYK,IND,False
2018-12-16,0021800439,LAL,WAS,True
2018-12-16,0021800440,SAC,DAL,False
2018-12-16,0021800441,MIA,NOP,True
2018-12-16,0021800442,TOR,DEN,True
2018-12-17,0021800443,MIL,DET,False
2018-12-17,0021800444,PHX,NYK,False
2018-12-17,0021800445,UTA,HOU,False
2018-12-17,0021800446,SAC,MIN,True
2018-12-17,0021800447,CHI,OKC,False
2018-12-17,0021800448,PHI,SAS,False
2018-12-17,0021800449,MEM,GSW,False
2018-12-17,0021800450,POR,LAC,False
2018-12-18,0021800451,CLE,IND,False
2018-12-18,0021800452,WAS,ATL,True
2018-12-18,0021800453,LAL,BKN,True
2018-12-18,0021800454,DAL,DEN,True
2018-12-19,0021800455,CLE,CHA,False
2018-12-19,0021800456,SAS,ORL,True
2018-12-19,0021800457,NYK,PHI,True
2018-12-19,0021800458,PHX,BOS,False
2018-12-19,0021800459,IND,TOR,True
2018-12-19,0021800460,BKN,CHI,False
2018-12-19,0021800461,WAS,HOU,True
2018-12-19,0021800462,NOP,MIL,True
2018-12-19,0021800463,DET,MIN,False
2018-12-19,0021800464,GSW,UTA,True
2018-12-19,0021800465,MEM,POR,True
2018-12-19,0021800466,OKC,SAC,False
2018-12-20,0021800467,HOU,MIA,False
2018-12-20,0021800468,DAL,LAC,True
2018-12-21,0021800469,DET,CHA,True
2018-12-21,0021800470,CLE,TOR,True
2018-12-21,0021800471,IND,BKN,False
2018-12-21,0021800472,ATL,NYK,False
2018-12-21,0021800473,MIL,BOS,False
2018-12-21,0021800474,ORL,CHI,True
2018-12-21,0021800475,MIN,SAS,False
2018-12-21,0021800476,UTA,POR,True
2018-12-21,0021800477,MEM,SAC,False
2018-12-21,0021800478,NOP,LAL,True
2018-12-22,0021800479,DEN,LAC,True
2018-12-22,0021800480,PHX,WAS,True
2018-12-22,0021800481,TOR,PHI,True
2018-12-22,0021800482,MIL,MIA,True
2018-12-22,0021800483,SAS,HOU,True
2018-12-22,0021800484,DAL,GSW,True
2018-12-22,0021800485,OKC,UTA,False
2018-12-23,0021800486,ATL,DET,False
2018-12-23,0021800487,WAS,IND,False
2018-12-23,0021800488,CHA,BOS,True
2018-12-23,0021800489,PHX,BKN,True
2018-12-23,0021800490,CHI,CLE,True
2018-12-23,0021800491,MIA,ORL,True
2018-12-23,0021800492,NOP,SAC,True
2018-12-23,0021800493,MIN,OKC,False
2018-12-23,0021800494,LAC,GSW,True
2018-12-23,0021800495,DAL,POR,True
2018-12-23,0021800496,MEM,LAL,True
2018-12-25,0021800497,MIL,NYK,True
2018-12-25,0021800498,OKC,HOU,True
2018-12-25,0021800499,PHI,BOS,True
2018-12-25,0021800500,LAL,GSW,False
2018-12-25,0021800501,POR,UTA,False
2018-12-26,0021800502,WAS,DET,False
2018-12-26,0021800503,PHX,ORL,False
2018-12-26,0021800504,IND,ATL,False
2018-12-26,0021800505,CHA,BKN,True
2018-12-26,0021800506,TOR,MIA,False
2018-12-26,0021800507,MIN,CHI,True
2018-12-26,0021800508,CLE,MEM,True
2018-12-26,0021800509,NOP,DAL,True
2018-12-26,0021800510,DEN,SAS,True
2018-12-26,0021800511,SAC,LAC,True
2018-12-27,0021800512,BOS,HOU,True
2018-12-27,0021800513,NYK,MIL,False
2018-12-27,0021800514,LAL,SAC,True
2018-12-27,0021800515,PHI,UTA,True
2018-12-27,0021800516,POR,GSW,False
2018-12-28,0021800517,BKN,CHA,False
2018-12-28,0021800518,DET,IND,False
2018-12-28,0021800519,TOR,ORL,False
2018-12-28,0021800520,CHI,WAS,True
2018-12-28,0021800521,CLE,MIA,False
2018-12-28,0021800522,ATL,MIN,False
2018-12-28,0021800523,DAL,NOP,True
2018-12-28,0021800524,SAS,DEN,False
2018-12-28,0021800525,OKC,PHX,False
2018-12-28,0021800526,LAC,LAL,False
2018-12-29,0021800527,BKN,MIL,True
2018-12-29,0021800528,HOU,NOP,False
2018-12-29,0021800530,CHA,WAS,True
2018-12-29,0021800529,CLE,ATL,True
2018-12-29,0021800531,BOS,MEM,False
2018-12-29,0021800532,NYK,UTA,False
2018-12-29,0021800533,DEN,PHX,False
2018-12-29,0021800534,GSW,POR,False
2018-12-29,0021800535,SAS,LAC,False
2018-12-30,0021800536,DET,ORL,True
2018-12-30,0021800537,MIN,MIA,False
2018-12-30,0021800538,CHI,TOR,True
2018-12-30,0021800539,OKC,DAL,True
2018-12-30,0021800540,PHI,POR,False
2018-12-30,0021800541,SAC,LAL,True
2018-12-31,0021800542,ATL,IND,True
2018-12-31,0021800543,ORL,CHA,True
2018-12-31,0021800544,MEM,HOU,True
2018-12-31,0021800545,BOS,SAS,True
2018-12-31,0021800546,MIN,NOP,True
2018-12-31,0021800547,DAL,OKC,True
2018-12-31,0021800548,GSW,PHX,False
2019-01-01,0021800549,UTA,TOR,True
2019-01-01,0021800550,DET,MIL,False
2019-01-01,0021800551,NYK,DEN,True
2019-01-01,0021800552,POR,SAC,False
2019-01-01,0021800553,PHI,LAC,False
2019-01-02,0021800554,DAL,CHA,True
2019-01-02,0021800555,MIA,CLE,True
2019-01-02,0021800556,ATL,WAS,False
2019-01-02,0021800557,NOP,BKN,True
2019-01-02,0021800558,MIN,BOS,True
2019-01-02,0021800559,ORL,CHI,True
2019-01-02,0021800560,DET,MEM,True
2019-01-02,0021800561,PHI,PHX,False
2019-01-02,0021800562,OKC,LAL,False
2019-01-03,0021800563,TOR,SAS,True
2019-01-03,0021800564,DEN,SAC,False
2019-01-03,0021800565,HOU,GSW,False
2019-01-04,0021800567,UTA,CLE,True
2019-01-04,0021800566,DAL,BOS,False
2019-01-04,0021800568,WAS,MIA,True
2019-01-04,0021800569,IND,CHI,False
2019-01-04,0021800570,BKN,MEM,False
2019-01-04,0021800571,ORL,MIN,True
2019-01-04,0021800572,ATL,MIL,True
2019-01-04,0021800573,LAC,PHX,False
2019-01-04,0021800574,NYK,LAL,False
2019-01-04,0021800575,OKC,POR,False
2019-01-05,0021800576,CHA,DEN,True
2019-01-05,0021800577,UTA,DET,False
2019-01-05,0021800578,DAL,PHI,True
2019-01-05,0021800579,NOP,CLE,True
2019-01-05,0021800580,TOR,MIL,False
2019-01-05,0021800581,MEM,SAS,False
2019-01-05,0021800582,HOU,POR,True
2019-01-05,0021800583,GSW,SAC,False
2019-01-06,0021800584,BKN,CHI,False
2019-01-06,0021800585,LAL,MIN,False
2019-01-06,0021800586,ORL,LAC,False
2019-01-06,0021800587,MIA,ATL,False
2019-01-06,0021800588,WAS,OKC,True
2019-01-06,0021800589,IND,TOR,True
2019-01-06,0021800590,CHA,PHX,False
2019-01-07,0021800591,SAS,DET,False
2019-01-07,0021800592,BKN,BOS,False
2019-01-07,0021800593,DEN,HOU,True
2019-01-07,0021800594,UTA,MIL,True
2019-01-07,0021800595,MEM,NOP,False
2019-01-07,0021800596,LAL,DAL,True
2019-01-07,0021800597,NYK,POR,True
2019-01-07,0021800598,ORL,SAC,False
2019-01-08,0021800599,IND,CLE,False
2019-01-08,0021800600,WAS,PHI,True
2019-01-08,0021800601,DEN,MIA,True
2019-01-08,0021800602,ATL,TOR,True
2019-01-08,0021800603,MIN,OKC,False
2019-01-08,0021800604,SAC,PHX,True
2019-01-08,0021800605,NYK,GSW,False
2019-01-08,0021800606,CHA,LAC,True
2019-01-09,0021800607,IND,BOS,True
2019-01-09,0021800608,PHI,WAS,True
2019-01-09,0021800609,ATL,BKN,True
2019-01-09,0021800610,MIL,HOU,False
2019-01-09,0021800611,SAS,MEM,True
2019-01-09,0021800612,CLE,NOP,True
2019-01-09,0021800613,PHX,DAL,False
2019-01-09,0021800614,ORL,UTA,False
2019-01-09,0021800615,CHI,POR,True
2019-01-09,0021800616,DET,LAL,True
2019-01-10,0021800617,BOS,MIA,False
2019-01-10,0021800618,LAC,DEN,True
2019-01-10,0021800619,OKC,SAS,True
2019-01-10,0021800620,DET,SAC,True
2019-01-11,0021800621,ATL,PHI,False
2019-01-11,0021800622,MIL,WAS,True
2019-01-11,0021800623,IND,NYK,False
2019-01-11,0021800624,BKN,TOR,True
2019-01-11,0021800625,CLE,HOU,True
2019-01-11,0021800626,DAL,MIN,False
2019-01-11,0021800627,LAL,UTA,False
2019-01-11,0021800628,CHA,POR,False
2019-01-11,0021800629,CHI,GSW,True
2019-01-12,0021800630,DET,LAC,False
2019-01-12,0021800631,MEM,MIA,True
2019-01-12,0021800632,BOS,ORL,True
2019-01-12,0021800633,NOP,MIN,True
2019-01-12,0021800634,SAS,OKC,True
2019-01-12,0021800635,DEN,PHX,False
2019-01-12,0021800636,CHA,SAC,False
2019-01-12,0021800637,CHI,UTA,True
2019-01-13,0021800638,PHI,NYK,False
2019-01-13,0021800639,TOR,WAS,False
2019-01-13,0021800640,MIL,ATL,False
2019-01-13,0021800641,HOU,ORL,True
2019-01-13,0021800642,GSW,DAL,False
2019-01-13,0021800643,POR,DEN,True
2019-01-13,0021800644,CLE,LAL,True
2019-01-14,0021800645,BOS,BKN,True
2019-01-14,0021800646,MEM,HOU,False
2019-01-14,0021800647,CHA,SAS,True
2019-01-14,0021800648,DET,UTA,False
2019-01-14,0021800649,POR,SAC,True
2019-01-14,0021800650,NOP,LAC,False
2019-01-15,0021800651,PHX,IND,False
2019-01-15,0021800652,MIN,PHI,True
2019-01-15,0021800653,OKC,ATL,True
2019-01-15,0021800654,MIA,MIL,False
2019-01-15,0021800655,GSW,DEN,False
2019-01-15,0021800656,CHI,LAL,True
2019-01-16,0021800657,ORL,DET,True
2019-01-16,0021800658,TOR,BOS,True
2019-01-16,0021800659,BKN,HOU,False
2019-01-16,0021800660,MIL,MEM,False
2019-01-16,0021800661,SAS,DAL,False
2019-01-16,0021800662,CLE,POR,True
2019-01-16,0021800663,NOP,GSW,True
2019-01-16,0021800664,UTA,LAC,False
2019-01-17,0021800665,NYK,WAS,True
2019-01-17,0021800666,SAC,CHA,False
2019-01-17,0021800667,PHI,IND,True
2019-01-17,0021800668,PHX,TOR,True
2019-01-17,0021800669,CHI,DEN,True
2019-01-17,0021800670,LAL,OKC,False
2019-01-18,0021800671,MEM,BOS,True
2019-01-18,0021800672,MIA,DET,True
2019-01-18,0021800673,BKN,ORL,False
2019-01-18,0021800674,SAS,MIN,False
2019-01-18,0021800675,CLE,UTA,False
2019-01-18,0021800676,GSW,LAC,True
2019-01-18,0021800677,NOP,POR,True
2019-01-19,0021800678,OKC,PHI,False
2019-01-19,0021800679,PHX,CHA,True
2019-01-19,0021800680,SAC,DET,False
2019-01-19,0021800681,DAL,IND,False
2019-01-19,0021800682,MIL,ORL,False
2019-01-19,0021800683,BOS,ATL,False
2019-01-19,0021800684,MEM,TOR,False
2019-01-19,0021800685,MIA,CHI,False
2019-01-19,0021800686,LAL,HOU,True
2019-01-19,0021800687,CLE,DEN,True
2019-01-20,0021800688,CHA,IND,False
2019-01-20,0021800689,PHX,MIN,True
2019-01-20,0021800690,LAC,SAS,True
2019-01-21,0021800691,OKC,NYK,False
2019-01-21,0021800692,CHI,CLE,True
2019-01-21,0021800693,DET,WAS,False
2019-01-21,0021800694,DAL,MIL,True
2019-01-21,0021800695,ORL,ATL,False
2019-01-21,0021800696,SAC,BKN,False
2019-01-21,0021800697,NOP,MEM,True
2019-01-21,0021800698,MIA,BOS,False
2019-01-21,0021800699,HOU,PHI,False
2019-01-21,0021800700,POR,UTA,False
2019-01-21,0021800701,GSW,LAL,False
2019-01-22,0021800702,SAC,TOR,True
2019-01-22,0021800703,POR,OKC,True
2019-01-22,0021800704,LAC,DAL,False
2019-01-22,0021800705,MIN,PHX,True
2019-01-23,0021800706,TOR,IND,True
2019-01-23,0021800707,CLE,BOS,True
2019-01-23,0021800708,ORL,BKN,True
2019-01-23,0021800709,LAC,MIA,True
2019-01-23,0021800710,HOU,NYK,False
2019-01-23,0021800711,SAS,PHI,True
2019-01-23,0021800712,ATL,CHI,False
2019-01-23,0021800713,CHA,MEM,False
2019-01-23,0021800714,DET,NOP,False
2019-01-23,0021800715,DEN,UTA,True
2019-01-24,0021800716,GSW,WAS,False
2019-01-24,0021800717,NOP,OKC,True
2019-01-24,0021800718,POR,PHX,False
2019-01-24,0021800719,MIN,LAL,False
2019-01-25,0021800720,WAS,ORL,False
2019-01-25,0021800721,NYK,BKN,False
2019-01-25,0021800722,MIA,CLE,True
2019-01-25,0021800723,LAC,CHI,False
2019-01-25,0021800724,TOR,HOU,True
2019-01-25,0021800725,SAC,MEM,False
2019-01-25,0021800726,DET,DAL,True
2019-01-25,0021800727,CHA,MIL,False
2019-01-25,0021800728,PHX,DEN,False
2019-01-25,0021800729,MIN,UTA,True
2019-01-26,0021800730,SAS,NOP,False
2019-01-26,0021800731,IND,MEM,True
2019-01-26,0021800732,GSW,BOS,False
2019-01-26,0021800733,PHI,DEN,True
2019-01-26,0021800734,ATL,POR,True
2019-01-27,0021800735,CLE,CHI
2019-01-27,0021800736,SAC,LAC
2019-01-27,0021800738,MIL,OKC
2019-01-27,0021800737,ORL,HOU
2019-01-27,0021800739,TOR,DAL
2019-01-27,0021800740,UTA,MIN
2019-01-27,0021800742,WAS,SAS
2019-01-27,0021800741,MIA,NYK
2019-01-27,0021800743,PHX,LAL
2019-01-28,0021800744,NYK,CHA
2019-01-28,0021800745,GSW,IND
2019-01-28,0021800746,BKN,BOS
2019-01-28,0021800747,DEN,MEM
2019-01-28,0021800748,ATL,LAC
2019-01-29,0021800749,WAS,CLE
2019-01-29,0021800750,MIL,DET
2019-01-29,0021800751,OKC,ORL
2019-01-29,0021800752,CHI,BKN
2019-01-29,0021800753,NOP,HOU
2019-01-29,0021800754,PHX,SAS
2019-01-29,0021800755,PHI,LAL
2019-01-30,0021800756,CHA,BOS
2019-01-30,0021800757,CHI,MIA
2019-01-30,0021800758,DAL,NYK
2019-01-30,0021800759,IND,WAS
2019-01-30,0021800760,MEM,MIN
2019-01-30,0021800761,DEN,NOP
2019-01-30,0021800762,ATL,SAC
2019-01-30,0021800763,UTA,POR
2019-01-31,0021800764,DAL,DET
2019-01-31,0021800765,IND,ORL
2019-01-31,0021800766,MIL,TOR
2019-01-31,0021800767,BKN,SAS
2019-01-31,0021800768,PHI,GSW
2019-01-31,0021800769,LAL,LAC
2019-02-01,0021800770,MEM,CHA
2019-02-01,0021800771,BOS,NYK
2019-02-01,0021800772,OKC,MIA
2019-02-01,0021800773,ATL,UTA
2019-02-01,0021800774,HOU,DEN
2019-02-02,0021800775,LAC,DET
2019-02-02,0021800776,CHI,CHA
2019-02-02,0021800777,BKN,ORL
2019-02-02,0021800778,MIL,WAS
2019-02-02,0021800780,DAL,CLE
2019-02-02,0021800781,IND,MIA
2019-02-02,0021800779,NOP,SAS
2019-02-02,0021800782,LAL,GSW
2019-02-02,0021800783,DEN,MIN
2019-02-02,0021800784,ATL,PHX
2019-02-02,0021800786,HOU,UTA
2019-02-02,0021800785,PHI,SAC
2019-02-03,0021800787,MEM,NYK
2019-02-03,0021800788,OKC,BOS
2019-02-03,0021800789,LAC,TOR
2019-02-04,0021800790,DEN,DET
2019-02-04,0021800791,ATL,WAS
2019-02-04,0021800792,MIL,BKN
2019-02-04,0021800793,IND,NOP
2019-02-04,0021800794,HOU,PHX
2019-02-04,0021800795,SAS,SAC
2019-02-05,0021800796,LAC,CHA
2019-02-05,0021800797,BOS,CLE
2019-02-05,0021800798,LAL,IND
2019-02-05,0021800799,DET,NYK
2019-02-05,0021800800,TOR,PHI
2019-02-05,0021800801,MIN,MEM
2019-02-05,0021800802,ORL,OKC
2019-02-05,0021800803,MIA,POR
2019-02-06,0021800804,DEN,BKN
2019-02-06,0021800805,NOP,CHI
2019-02-06,0021800806,WAS,MIL
2019-02-06,0021800807,CHA,DAL
2019-02-06,0021800808,PHX,UTA
2019-02-06,0021800809,HOU,SAC
2019-02-06,0021800810,SAS,GSW
2019-02-07,0021800811,LAC,IND
2019-02-07,0021800812,MIN,ORL
2019-02-07,0021800813,TOR,ATL
2019-02-07,0021800814,LAL,BOS
2019-02-07,0021800815,MEM,OKC
2019-02-07,0021800816,SAS,POR
2019-02-08,0021800817,NYK,DET
2019-02-08,0021800818,DEN,PHI
2019-02-08,0021800819,CLE,WAS
2019-02-08,0021800820,CHI,BKN
2019-02-08,0021800821,MIL,DAL
2019-02-08,0021800822,GSW,PHX
2019-02-08,0021800823,MIN,NOP
2019-02-08,0021800824,MIA,SAC
2019-02-09,0021800825,SAS,UTA
2019-02-09,0021800826,CLE,IND
2019-02-09,0021800827,CHA,ATL
2019-02-09,0021800828,TOR,NYK
2019-02-09,0021800829,LAC,BOS
2019-02-09,0021800830,WAS,CHI
2019-02-09,0021800831,NOP,MEM
2019-02-09,0021800832,OKC,HOU
2019-02-09,0021800833,ORL,MIL
2019-02-10,0021800834,POR,DAL
2019-02-10,0021800835,LAL,PHI
2019-02-10,0021800836,PHX,SAC
2019-02-10,0021800837,ORL,ATL
2019-02-10,0021800838,MIA,GSW
2019-02-11,0021800839,NYK,CLE
2019-02-11,0021800840,WAS,DET
2019-02-11,0021800841,CHA,IND
2019-02-11,0021800842,BKN,TOR
2019-02-11,0021800843,MIL,CHI
2019-02-11,0021800844,DAL,HOU
2019-02-11,0021800845,LAC,MIN
2019-02-11,0021800846,POR,OKC
2019-02-11,0021800847,MIA,DEN
2019-02-12,0021800848,LAL,ATL
2019-02-12,0021800849,BOS,PHI
2019-02-12,0021800850,SAS,MEM
2019-02-12,0021800851,ORL,NOP
2019-02-12,0021800852,UTA,GSW
2019-02-13,0021800853,BKN,CLE
2019-02-13,0021800854,MIL,IND
2019-02-13,0021800855,DET,BOS
2019-02-13,0021800856,PHI,NYK
2019-02-13,0021800857,WAS,TOR
2019-02-13,0021800858,MEM,CHI
2019-02-13,0021800859,MIA,DAL
2019-02-13,0021800860,SAC,DEN
2019-02-13,0021800861,HOU,MIN
2019-02-13,0021800862,GSW,POR
2019-02-13,0021800863,PHX,LAC
2019-02-14,0021800864,CHA,ORL
2019-02-14,0021800865,NYK,ATL
2019-02-14,0021800866,OKC,NOP
2019-02-15,0031800002,WLD,USA
2019-02-17,0031800001,LBN,GNS
2019-02-21,0021800867,PHX,CLE
2019-02-21,0021800868,MIA,PHI
2019-02-21,0021800869,POR,BKN
2019-02-21,0021800870,BOS,MIL
2019-02-21,0021800871,SAC,GSW
2019-02-21,0021800872,HOU,LAL
2019-02-22,0021800873,WAS,CHA
2019-02-22,0021800874,NOP,IND
2019-02-22,0021800875,CHI,ORL
2019-02-22,0021800876,SAS,TOR
2019-02-22,0021800877,DET,ATL
2019-02-22,0021800878,MIN,NYK
2019-02-22,0021800879,LAC,MEM
2019-02-22,0021800880,DEN,DAL
2019-02-22,0021800881,UTA,OKC
2019-02-23,0021800882,POR,PHI
2019-02-23,0021800883,PHX,ATL
2019-02-23,0021800884,BKN,CHA
2019-02-23,0021800885,MEM,CLE
2019-02-23,0021800886,IND,WAS
2019-02-23,0021800887,LAL,NOP
2019-02-23,0021800888,DET,MIA
2019-02-23,0021800889,BOS,CHI
2019-02-23,0021800890,SAC,OKC
2019-02-23,0021800891,MIN,MIL
2019-02-23,0021800892,HOU,GSW
2019-02-23,0021800893,DAL,UTA
2019-02-24,0021800894,ORL,TOR
2019-02-24,0021800895,LAC,DEN
2019-02-24,0021800896,SAS,NYK
2019-02-25,0021800897,GSW,CHA
2019-02-25,0021800898,POR,CLE
2019-02-25,0021800899,IND,DET
2019-02-25,0021800900,SAS,BKN
2019-02-25,0021800901,PHX,MIA
2019-02-25,0021800902,MIL,CHI
2019-02-25,0021800903,ATL,HOU
2019-02-25,0021800904,LAL,MEM
2019-02-25,0021800905,SAC,MIN
2019-02-25,0021800906,PHI,NOP
2019-02-25,0021800907,DAL,LAC
2019-02-26,0021800908,ORL,NYK
2019-02-26,0021800909,BOS,TOR
2019-02-26,0021800910,OKC,DEN
2019-02-27,0021800911,HOU,CHA
2019-02-27,0021800912,MIN,ATL
2019-02-27,0021800913,POR,BOS
2019-02-27,0021800914,WAS,BKN
2019-02-27,0021800915,GSW,MIA
2019-02-27,0021800916,CHI,MEM
2019-02-27,0021800917,DET,SAS
2019-02-27,0021800918,IND,DAL
2019-02-27,0021800919,LAC,UTA
2019-02-27,0021800920,MIL,SAC
2019-02-27,0021800921,NOP,LAL
2019-02-28,0021800922,MIN,IND
2019-02-28,0021800923,GSW,ORL
2019-02-28,0021800924,CLE,NYK
2019-02-28,0021800925,MIA,HOU
2019-02-28,0021800926,UTA,DEN
2019-02-28,0021800927,PHI,OKC
2019-03-01,0021800928,CHI,ATL
2019-03-01,0021800929,CHA,BKN
2019-03-01,0021800930,POR,TOR
2019-03-01,0021800931,WAS,BOS
2019-03-01,0021800932,NOP,PHX
2019-03-01,0021800933,LAC,SAC
2019-03-01,0021800934,MIL,LAL
2019-03-02,0021800935,DET,CLE
2019-03-02,0021800936,ORL,IND
2019-03-02,0021800937,BKN,MIA
2019-03-02,0021800938,GSW,PHI
2019-03-02,0021800939,MEM,DAL
2019-03-02,0021800940,OKC,SAS
2019-03-02,0021800941,NOP,DEN
2019-03-02,0021800942,LAL,PHX
2019-03-02,0021800943,MIL,UTA
2019-03-03,0021800944,POR,CHA
2019-03-03,0021800945,HOU,BOS
2019-03-03,0021800946,ATL,CHI
2019-03-03,0021800947,NYK,LAC
2019-03-03,0021800948,ORL,CLE
2019-03-03,0021800949,TOR,DET
2019-03-03,0021800950,MIN,WAS
2019-03-03,0021800951,MEM,OKC
2019-03-04,0021800952,DAL,BKN
2019-03-04,0021800953,ATL,MIA
2019-03-04,0021800954,DEN,SAS
2019-03-04,0021800955,MIL,PHX
2019-03-04,0021800956,NOP,UTA
2019-03-04,0021800957,NYK,SAC
2019-03-04,0021800958,LAC,LAL
2019-03-05,0021800959,CHI,IND
2019-03-05,0021800960,ORL,PHI
2019-03-05,0021800961,HOU,TOR
2019-03-05,0021800962,POR,MEM
2019-03-05,0021800963,OKC,MIN
2019-03-05,0021800964,BOS,GSW
2019-03-06,0021800965,MIA,CHA
2019-03-06,0021800966,MIN,DET
2019-03-06,0021800967,DAL,WAS
2019-03-06,0021800968,SAS,ATL
2019-03-06,0021800969,CLE,BKN
2019-03-06,0021800970,PHI,CHI
2019-03-06,0021800971,UTA,NOP
2019-03-06,0021800972,NYK,PHX
2019-03-06,0021800973,BOS,SAC
2019-03-06,0021800974,DEN,LAL
2019-03-07,0021800975,IND,MIL
2019-03-07,0021800976,OKC,POR
2019-03-08,0021800977,WAS,CHA
2019-03-08,0021800978,DAL,ORL
2019-03-08,0021800979,CLE,MIA
2019-03-08,0021800980,DET,CHI
2019-03-08,0021800981,PHI,HOU
2019-03-08,0021800982,UTA,MEM
2019-03-08,0021800983,TOR,NOP
2019-03-08,0021800984,DEN,GSW
2019-03-08,0021800985,OKC,LAC
2019-03-09,0021800986,SAC,NYK
2019-03-09,0021800987,BKN,ATL
2019-03-09,0021800988,WAS,MIN
2019-03-09,0021800989,BOS,LAL
2019-03-09,0021800990,CHA,MIL
2019-03-09,0021800991,PHX,POR
2019-03-10,0021800992,CHI,DET
2019-03-10,0021800993,TOR,MIA
2019-03-10,0021800994,IND,PHI
2019-03-10,0021800995,NOP,ATL
2019-03-10,0021800996,ORL,MEM
2019-03-10,0021800997,HOU,DAL
2019-03-10,0021800998,NYK,MIN
2019-03-10,0021800999,MIL,SAS
2019-03-10,0021801000,PHX,GSW
2019-03-11,0021801001,TOR,CLE
2019-03-11,0021801002,SAC,WAS
2019-03-11,0021801003,DET,BKN
2019-03-11,0021801004,CHA,HOU
2019-03-11,0021801005,OKC,UTA
2019-03-11,0021801006,BOS,LAC
2019-03-12,0021801007,NYK,IND
2019-03-12,0021801008,CLE,PHI
2019-03-12,0021801009,LAL,CHI
2019-03-12,0021801010,MIL,NOP
2019-03-12,0021801011,SAS,DAL
2019-03-12,0021801012,MIN,DEN
2019-03-12,0021801013,POR,LAC
2019-03-13,0021801014,DET,MIA
2019-03-13,0021801015,ORL,WAS
2019-03-13,0021801016,MEM,ATL
2019-03-13,0021801017,BKN,OKC
2019-03-13,0021801018,GSW,HOU
2019-03-13,0021801019,UTA,PHX
2019-03-14,0021801020,OKC,IND
2019-03-14,0021801021,CLE,ORL
2019-03-14,0021801022,SAC,BOS
2019-03-14,0021801023,LAL,TOR
2019-03-14,0021801024,MIN,UTA
2019-03-14,0021801025,DAL,DEN
2019-03-15,0021801026,LAL,DET
2019-03-15,0021801027,SAC,PHI
2019-03-15,0021801028,CHA,WAS
2019-03-15,0021801029,MIL,MIA
2019-03-15,0021801030,PHX,HOU
2019-03-15,0021801031,POR,NOP
2019-03-15,0021801032,NYK,SAS
2019-03-15,0021801033,CHI,LAC
2019-03-16,0021801034,ATL,BOS
2019-03-16,0021801035,MEM,WAS
2019-03-16,0021801036,PHX,NOP
2019-03-16,0021801037,CLE,DAL
2019-03-16,0021801038,GSW,OKC
2019-03-16,0021801039,POR,SAS
2019-03-16,0021801040,IND,DEN
2019-03-16,0021801041,BKN,UTA
2019-03-17,0021801042,LAL,NYK
2019-03-17,0021801045,CHA,MIA
2019-03-17,0021801043,PHI,MIL
2019-03-17,0021801044,TOR,DET
2019-03-17,0021801046,ATL,ORL
2019-03-17,0021801047,CHI,SAC
2019-03-17,0021801048,MIN,HOU
2019-03-17,0021801049,BKN,LAC
2019-03-18,0021801050,DET,CLE
2019-03-18,0021801051,UTA,WAS
2019-03-18,0021801052,DEN,BOS
2019-03-18,0021801053,NYK,TOR
2019-03-18,0021801054,MIA,OKC
2019-03-18,0021801055,GSW,SAS
2019-03-18,0021801056,NOP,DAL
2019-03-18,0021801057,CHI,PHX
2019-03-18,0021801058,IND,POR
2019-03-19,0021801059,PHI,CHA
2019-03-19,0021801060,HOU,ATL
2019-03-19,0021801061,LAL,MIL
2019-03-19,0021801062,GSW,MIN
2019-03-19,0021801063,BKN,SAC
2019-03-19,0021801064,IND,LAC
2019-03-20,0021801065,MIL,CLE
2019-03-20,0021801066,NOP,ORL
2019-03-20,0021801067,BOS,PHI
2019-03-20,0021801068,UTA,NYK
2019-03-20,0021801069,WAS,CHI
2019-03-20,0021801070,HOU,MEM
2019-03-20,0021801071,MIA,SAS
2019-03-20,0021801072,TOR,OKC
2019-03-20,0021801073,DAL,POR
2019-03-21,0021801074,MIN,CHA
2019-03-21,0021801075,DEN,WAS
2019-03-21,0021801076,UTA,ATL
2019-03-21,0021801077,DET,PHX
2019-03-21,0021801078,DAL,SAC
2019-03-21,0021801079,IND,GSW
2019-03-22,0021801080,MEM,ORL
2019-03-22,0021801081,LAC,CLE
2019-03-22,0021801082,DEN,NYK
2019-03-22,0021801083,OKC,TOR
2019-03-22,0021801084,SAS,HOU
2019-03-22,0021801085,MIA,MIL
2019-03-22,0021801086,BKN,LAL
2019-03-23,0021801087,BOS,CHA
2019-03-23,0021801089,MIA,WAS
2019-03-23,0021801088,PHI,ATL
2019-03-23,0021801090,UTA,CHI
2019-03-23,0021801091,MIN,MEM
2019-03-23,0021801092,DAL,GSW
2019-03-23,0021801093,DET,POR
2019-03-23,0021801094,PHX,SAC
2019-03-24,0021801095,LAC,NYK
2019-03-24,0021801096,CLE,MIL
2019-03-24,0021801097,DEN,IND
2019-03-24,0021801098,CHA,TOR
2019-03-24,0021801099,HOU,NOP
2019-03-24,0021801100,SAS,BOS
2019-03-24,0021801101,DET,GSW
2019-03-24,0021801102,SAC,LAL
2019-03-25,0021801103,PHI,ORL
2019-03-25,0021801104,OKC,MEM
2019-03-25,0021801105,PHX,UTA
2019-03-25,0021801106,BKN,POR
2019-03-26,0021801107,SAS,CHA
2019-03-26,0021801108,BOS,CLE
2019-03-26,0021801109,ORL,MIA
2019-03-26,0021801110,CHI,TOR
2019-03-26,0021801111,HOU,MIL
2019-03-26,0021801112,LAC,MIN
2019-03-26,0021801113,ATL,NOP
2019-03-26,0021801114,SAC,DAL
2019-03-26,0021801115,DET,DEN
2019-03-26,0021801116,WAS,LAL
2019-03-27,0021801117,POR,CHI
2019-03-27,0021801118,GSW,MEM
2019-03-27,0021801119,IND,OKC
2019-03-27,0021801120,WAS,PHX
2019-03-27,0021801121,LAL,UTA
2019-03-28,0021801122,ORL,DET
2019-03-28,0021801123,BKN,PHI
2019-03-28,0021801124,DAL,MIA
2019-03-28,0021801125,TOR,NYK
2019-03-28,0021801126,DEN,HOU
2019-03-28,0021801127,LAC,MIL
2019-03-28,0021801128,SAC,NOP
2019-03-28,0021801129,CLE,SAS
2019-03-29,0021801130,IND,BOS
2019-03-29,0021801131,POR,ATL
2019-03-29,0021801132,GSW,MIN
2019-03-29,0021801133,DEN,OKC
2019-03-29,0021801134,WAS,UTA
2019-03-29,0021801135,CHA,LAL
2019-03-30,0021801136,CLE,LAC
2019-03-30,0021801137,BOS,BKN
2019-03-30,0021801138,SAC,HOU
2019-03-30,0021801139,POR,DET
2019-03-30,0021801140,ORL,IND
2019-03-30,0021801141,MIA,NYK
2019-03-30,0021801142,TOR,CHI
2019-03-30,0021801143,PHI,MIN
2019-03-30,0021801144,MEM,PHX
2019-03-31,0021801145,MIL,ATL
2019-03-31,0021801146,DAL,OKC
2019-03-31,0021801147,LAL,NOP
2019-03-31,0021801149,SAC,SAS
2019-03-31,0021801148,WAS,DEN
2019-03-31,0021801150,CHA,GSW
2019-03-31,0021801151,MEM,LAC
2019-04-01,0021801152,DET,IND
2019-04-01,0021801153,MIA,BOS
2019-04-01,0021801154,MIL,BKN
2019-04-01,0021801155,CHI,NYK
2019-04-01,0021801156,ORL,TOR
2019-04-01,0021801157,POR,MIN
2019-04-01,0021801158,PHI,DAL
2019-04-01,0021801159,CHA,UTA
2019-04-01,0021801160,CLE,PHX
2019-04-02,0021801161,LAL,OKC
2019-04-02,0021801162,ATL,SAS
2019-04-02,0021801163,HOU,SAC
2019-04-02,0021801164,DEN,GSW
2019-04-03,0021801165,IND,DET
2019-04-03,0021801166,NYK,ORL
2019-04-03,0021801167,CHI,WAS
2019-04-03,0021801168,PHI,ATL
2019-04-03,0021801169,TOR,BKN
2019-04-03,0021801170,BOS,MIA
2019-04-03,0021801171,CHA,NOP
2019-04-03,0021801172,MIN,DAL
2019-04-03,0021801173,SAS,DEN
2019-04-03,0021801174,UTA,PHX
2019-04-03,0021801175,MEM,POR
2019-04-03,0021801176,HOU,LAC
2019-04-04,0021801177,MIL,PHI
2019-04-04,0021801178,CLE,SAC
2019-04-04,0021801179,GSW,LAL
2019-04-05,0021801180,TOR,CHA
2019-04-05,0021801181,ATL,ORL
2019-04-05,0021801182,SAS,WAS
2019-04-05,0021801183,BOS,IND
2019-04-05,0021801184,NYK,HOU
2019-04-05,0021801185,MIA,MIN
2019-04-05,0021801186,DET,OKC
2019-04-05,0021801187,MEM,DAL
2019-04-05,0021801188,SAC,UTA
2019-04-05,0021801189,NOP,PHX
2019-04-05,0021801190,POR,DEN
2019-04-05,0021801191,CLE,GSW
2019-04-05,0021801192,LAL,LAC
2019-04-06,0021801193,BKN,MIL
2019-04-06,0021801194,PHI,CHI
2019-04-07,0021801195,MIA,TOR
2019-04-07,0021801196,SAS,CLE
2019-04-07,0021801197,OKC,MIN
2019-04-07,0021801198,CHA,DET
2019-04-07,0021801199,BKN,IND
2019-04-07,0021801201,DAL,MEM
2019-04-07,0021801200,PHX,HOU
2019-04-07,0021801202,ATL,MIL
2019-04-07,0021801203,ORL,BOS
2019-04-07,0021801204,WAS,NYK
2019-04-07,0021801205,LAC,GSW
2019-04-07,0021801206,DEN,POR
2019-04-07,0021801207,NOP,SAC
2019-04-07,0021801208,UTA,LAL
2019-04-09,0021801209,CHA,CLE
2019-04-09,0021801210,MEM,DET
2019-04-09,0021801211,BOS,WAS
2019-04-09,0021801212,PHI,MIA
2019-04-09,0021801213,NYK,CHI
2019-04-09,0021801214,TOR,MIN
2019-04-09,0021801215,GSW,NOP
2019-04-09,0021801216,PHX,DAL
2019-04-09,0021801217,DEN,UTA
2019-04-09,0021801218,HOU,OKC
2019-04-09,0021801219,POR,LAL
2019-04-10,0021801220,IND,ATL
2019-04-10,0021801221,MIA,BKN
2019-04-10,0021801222,ORL,CHA
2019-04-10,0021801223,DET,NYK
2019-04-10,0021801224,CHI,PHI
2019-04-10,0021801225,GSW,MEM
2019-04-10,0021801226,OKC,MIL
2019-04-10,0021801227,DAL,SAS
2019-04-10,0021801228,MIN,DEN
2019-04-10,0021801229,UTA,LAC
2019-04-10,0021801230,SAC,POR